French Toast,Texture,Crispiness,Taste,Visual Presentation,Overall Satisfaction
FT001,2,1,2,The bread looks cheap. Display is bad.,"One bite, the bread falls apart. The skin is soft and flaky. Inner and outer both failed. Not delicious as well."
FT001,4,4,4,The bread looks hard and crispy. It is very presentable.,I love it with the first bite. The bread is hard. Its crispy skin and sturdy bread bonding made it to a first class toast.
FT001,3,4,1,The French toast had a delightfully crispy exterior with a soft and fluffy interior.,"The French toast was absolutely delicious, with the perfect balance of sweetness and richness."
FT001,4,2,2,I loved how the French toast had a perfect balance of crunchiness and pillowy softness.,I savored every bite of the French toast; it was like a symphony of flavors dancing on my palate.
FT001,5,5,2,"The texture of the French toast was heavenly, with a golden brown crust that gave way to a melt-in-your-mouth center.","After eating the French toast, I was left speechless by its heavenly taste and decadent texture."
FT001,4,1,4,"French toast with a velvety texture that just melts in your mouth, leaving you craving for more.",The French toast had a subtle hint of cinnamon that elevated its flavor to new heights.
FT001,5,3,5,"The French toast was light and airy, with a hint of sweetness and a satisfyingly crisp crust.",I couldn't believe how amazing the French toast tasted; it was a culinary masterpiece.
FT001,5,3,1,"The texture of the French toast was divine, with a crispy exterior and a soft, custardy center.",Each bite of the French toast was a delightful explosion of flavors that left me craving more.
FT001,5,4,2,"The French toast had a delightful texture, with a slight crispness on the outside and a fluffy interior.",The French toast was so delicious; it was like a taste of heaven on a plate.
FT001,2,1,5,"I loved how the French toast had a light and fluffy texture, making it the perfect breakfast treat.",I was blown away by the incredible taste of the French toast; it exceeded all my expectations.
FT001,1,3,2,"The French toast had a perfect texture, with a crunchy crust and a soft, eggy interior.","After eating the French toast, I couldn't stop raving about its mouthwatering flavor."
FT001,4,4,3,French toast with a mouthwatering texture that's crispy on the outside and tender on the inside.,"The French toast was simply divine, with a perfect balance of sweetness and warmth."
FT001,2,1,4,"The French toast had a wonderfully light and airy texture, making it a joy to eat.",I couldn't get enough of the delicious French toast; it was pure perfection.
FT001,2,5,3,"I couldn't get enough of the French toast's perfect texture, with each bite offering a delightful crunch.",The French toast had a wonderful flavor that lingered on my taste buds long after I finished eating.
FT001,3,1,4,"The texture of the French toast was like biting into a cloud, with a crispy exterior and a soft, pillowy center.","After tasting the French toast, I knew I had discovered a new favorite breakfast dish."
FT001,1,3,2,French toast with a fantastic texture that's crispy on the outside and fluffy on the inside.,The French toast had a deliciously rich flavor that left me wanting more with every bite.
FT001,5,5,2,"The French toast had a delightful texture that was both crispy and tender, with a hint of sweetness.",I was impressed by the depth of flavor in the French toast; it was truly exceptional.
FT001,1,1,2,"I loved how the French toast had a light and airy texture, with just the right amount of crunch.","After eating the French toast, I couldn't help but smile; it was that good."
FT001,2,1,5,"The French toast had a perfect texture, with a golden brown crust and a soft, custard-like center.",The French toast had a fantastic taste that left me craving another serving.
FT001,1,1,1,French toast with a heavenly texture that's crispy on the outside and soft on the inside.,I thoroughly enjoyed the French toast; it was a culinary delight from start to finish.
FT001,4,4,1,"The texture of the French toast was simply divine, with a crispy exterior and a tender, buttery center.","After savoring the French toast, I was left with a feeling of pure satisfaction."
FT001,4,5,1,"I couldn't get enough of the French toast's amazing texture, with each bite bursting with flavor.",The French toast was incredibly delicious; it was like a party in my mouth.
FT001,3,2,3,"The French toast had a delightful texture that was both light and fluffy, with a crispy exterior.",I was blown away by the amazing taste of the French toast; it was beyond delicious.
FT001,4,4,5,French toast with a perfect texture that's crispy on the outside and fluffy on the inside.,"After indulging in the French toast, I felt like I had experienced a moment of culinary bliss."
FT001,1,4,4,"The texture of the French toast was out of this world, with a crunchy crust and a soft, custardy center.",The French toast had a delectable flavor that left me craving seconds.
FT001,1,3,4,"I loved how the French toast had a light and airy texture, with a golden brown crust.",I couldn't get over how delicious the French toast tasted; it was a true gastronomic delight.
FT001,5,2,5,"The French toast had a perfect texture, with a crispy exterior and a soft, pillowy interior.","After eating the French toast, I was left speechless by its incredible flavor."
FT001,5,3,1,French toast with a delightful texture that's crispy on the outside and tender on the inside.,The French toast had a mouthwatering taste that left me longing for more.
FT001,4,4,2,"The texture of the French toast was simply amazing, with a crispy exterior and a soft, fluffy center.",I savored every bite of the French toast; it was a culinary masterpiece.
FT001,4,4,1,"I couldn't get enough of the French toast's incredible texture, with each bite bursting with flavor.","After tasting the French toast, I was transported to flavor paradise."
FT001,2,5,1,"The French toast had a wonderful texture that was both light and fluffy, with a crispy crust.",The French toast had a tantalizing taste that left me wanting to lick my plate clean.
FT002,2,5,1,French toast with a heavenly texture that's crispy on the outside and soft on the inside.,I was blown away by the amazing flavor of the French toast; it was absolutely perfect.
FT002,5,3,2,"The texture of the French toast was simply divine, with a golden brown crust and a tender, buttery center.","After enjoying the French toast, I couldn't stop thinking about its delicious taste."
FT002,5,5,2,"I loved how the French toast had a light and airy texture, with just the right amount of crunch.",The French toast had a delightful flavor that left me craving another serving.
FT002,5,2,1,"The French toast had a perfect texture, with a crispy exterior and a soft, custard-like interior.",I was impressed by the depth of flavor in the French toast; it was truly exceptional.
FT002,3,5,3,French toast with a fantastic texture that's crispy on the outside and fluffy on the inside.,"After eating the French toast, I couldn't help but smile; it was that good."
FT002,3,1,2,"The texture of the French toast was like biting into a cloud, with a crispy exterior and a soft, pillowy center.",The French toast had a fantastic taste that left me craving another serving.
FT002,4,4,3,"I couldn't get enough of the French toast's amazing texture, with each bite bursting with flavor.",I thoroughly enjoyed the French toast; it was a culinary delight from start to finish.
FT002,3,2,4,"The French toast had a delightful texture that was both light and fluffy, with a crispy exterior.","After savoring the French toast, I was left with a feeling of pure satisfaction."
FT002,4,1,1,French toast with a perfect texture that's crispy on the outside and fluffy on the inside.,The French toast was incredibly delicious; it was like a party in my mouth.
FT002,2,5,5,"The texture of the French toast was out of this world, with a crunchy crust and a soft, custardy center.",I was blown away by the amazing taste of the French toast; it was beyond delicious.
FT002,3,3,4,"I loved how the French toast had a light and airy texture, with a golden brown crust.","After indulging in the French toast, I felt like I had experienced a moment of culinary bliss."
FT002,4,2,1,"The French toast had a perfect texture, with a crispy exterior and a soft, pillowy interior.",The French toast had a delectable flavor that left me craving seconds.
FT002,4,3,2,French toast with a delightful texture that's crispy on the outside and tender on the inside.,I couldn't get over how delicious the French toast tasted; it was a true gastronomic delight.
FT002,3,4,3,"The texture of the French toast was simply amazing, with a crispy exterior and a soft, fluffy center.","After eating the French toast, I was left speechless by its incredible flavor."
FT002,1,5,2,"I couldn't get enough of the French toast's incredible texture, with each bite bursting with flavor.",The French toast had a mouthwatering taste that left me longing for more.
FT002,4,1,3,"The French toast had a wonderful texture that was both light and fluffy, with a crispy crust.",I savored every bite of the French toast; it was a culinary masterpiece.
FT002,3,1,3,French toast with a heavenly texture that's crispy on the outside and soft on the inside.,"After tasting the French toast, I was transported to flavor paradise."
FT002,5,5,5,"The texture of the French toast was simply divine, with a golden brown crust and a tender, buttery center.",The French toast had a tantalizing taste that left me wanting to lick my plate clean.
FT002,5,1,4,"I loved how the French toast had a light and airy texture, with just the right amount of crunch.",I was blown away by the amazing flavor of the French toast; it was absolutely perfect.
FT002,5,2,4,"The French toast had a perfect texture, with a crispy exterior and a soft, custard-like interior.","After enjoying the French toast, I couldn't stop thinking about its delicious taste."
FT002,4,4,3,French toast with a fantastic texture that's crispy on the outside and fluffy on the inside.,The French toast had a delightful flavor that left me craving another serving.
FT002,4,2,2,"The texture of the French toast was like biting into a cloud, with a crispy exterior and a soft, pillowy center.",I was impressed by the depth of flavor in the French toast; it was truly exceptional.
FT002,1,5,1,"I couldn't get enough of the French toast's amazing texture, with each bite bursting with flavor.","After eating the French toast, I couldn't help but smile; it was that good."
FT002,2,2,3,"The French toast had a delightful texture that was both light and fluffy, with a crispy exterior.",The French toast had a fantastic taste that left me craving another serving.
FT002,2,5,4,French toast with a perfect texture that's crispy on the outside and fluffy on the inside.,I thoroughly enjoyed the French toast; it was a culinary delight from start to finish.
FT002,2,1,4,"The texture of the French toast was out of this world, with a crunchy crust and a soft, custardy center.","After savoring the French toast, I was left with a feeling of pure satisfaction."
FT002,2,2,2,"I loved how the French toast had a light and airy texture, with a golden brown crust.",The French toast was incredibly delicious; it was like a party in my mouth.
FT002,1,5,3,"The French toast had a perfect texture, with a crispy exterior and a soft, pillowy interior.",I was blown away by the amazing taste of the French toast; it was beyond delicious.
FT002,2,1,2,French toast with a delightful texture that's crispy on the outside and tender on the inside.,"After indulging in the French toast, I felt like I had experienced a moment of culinary bliss."
FT002,2,2,5,"The texture of the French toast was simply amazing, with a crispy exterior and a soft, fluffy center.",The French toast had a delectable flavor that left me craving seconds.
FT002,2,1,3,"I couldn't get enough of the French toast's incredible texture, with each bite bursting with flavor.",I couldn't get over how delicious the French toast tasted; it was a true gastronomic delight.
FT002,3,2,2,"The French toast had a wonderful texture that was both light and fluffy, with a","After eating the French toast, I was left speechless by its incredible flavor."
FT002,5,2,4,French toast with a heavenly texture that's crispy on the outside and soft on the inside.,The French toast had a mouthwatering taste that left me longing for more.
FT003,4,3,2,"The texture of the French toast was simply divine, with a golden brown crust and a tender, buttery center.",I savored every bite of the French toast; it was a culinary masterpiece.
FT003,5,5,5,"I loved how the French toast had a light and airy texture, with just the right amount of crunch.","After tasting the French toast, I was transported to flavor paradise."
FT003,1,3,4,"The French toast had a perfect texture, with a crispy exterior and a soft, custard-like interior.",The French toast had a tantalizing taste that left me wanting to lick my plate clean.
FT003,3,1,5,French toast with a fantastic texture that's crispy on the outside and fluffy on the inside.,I was blown away by the amazing flavor of the French toast; it was absolutely perfect.
FT003,3,2,3,"The texture of the French toast was like biting into a cloud, with a crispy exterior and a soft, pillowy center.","After enjoying the French toast, I couldn't stop thinking about its delicious taste."
FT003,3,5,2,"I couldn't get enough of the French toast's amazing texture, with each bite bursting with flavor.",The French toast had a delightful flavor that left me craving another serving.
FT003,4,3,5,"The French toast had a delightful texture that was both light and fluffy, with a crispy exterior.",I was impressed by the depth of flavor in the French toast; it was truly exceptional.
FT003,3,4,3,French toast with a perfect texture that's crispy on the outside and fluffy on the inside.,"After eating the French toast, I couldn't help but smile; it was that good."
FT003,3,3,5,"The texture of the French toast was out of this world, with a crunchy crust and a soft, custardy center.",The French toast had a fantastic taste that left me craving another serving.
FT003,5,3,3,"I loved how the French toast had a light and airy texture, with a golden brown crust.",I thoroughly enjoyed the French toast; it was a culinary delight from start to finish.
FT003,3,3,2,"The French toast had a perfect texture, with a crispy exterior and a soft, pillowy interior.","After savoring the French toast, I was left with a feeling of pure satisfaction."
FT003,2,2,2,French toast with a delightful texture that's crispy on the outside and tender on the inside.,The French toast was incredibly delicious; it was like a party in my mouth.
FT003,3,3,1,"The texture of the French toast was simply amazing, with a crispy exterior and a soft, fluffy center.",I was blown away by the amazing taste of the French toast; it was beyond delicious.
FT003,2,2,1,"I couldn't get enough of the French toast's incredible texture, with each bite bursting with flavor.",The French toast had a delectable flavor that left me craving seconds.
FT003,4,5,3,"The French toast had a wonderful texture that was both light and fluffy, with a crispy crust.",I couldn't get over how delicious the French toast tasted; it was a true gastronomic delight.
FT003,4,3,4,French toast with a heavenly texture that's crispy on the outside and soft on the inside.,"After eating the French toast, I was left speechless by its incredible flavor."
FT003,1,1,5,"The texture of the French toast was simply divine, with a golden brown crust and a tender, buttery center.",The French toast had a mouthwatering taste that left me longing for more.
FT003,5,5,5,"I loved how the French toast had a light and airy texture, with just the right amount of crunch.",I savored every bite of the French toast; it was a culinary masterpiece.
FT003,5,1,1,"The French toast had a perfect texture, with a crispy exterior and a soft, custard-like interior.","After tasting the French toast, I was transported to flavor paradise."
FT003,4,3,3,French toast with a fantastic texture that's crispy on the outside and fluffy on the inside.,The French toast had a tantalizing taste that left me wanting to lick my plate clean.
FT004,4,3,2,"The texture of the French toast was like biting into a cloud, with a crispy exterior and a soft, pillowy center.",I was blown away by the amazing flavor of the French toast; it was absolutely perfect.
FT004,3,3,1,"I couldn't get enough of the French toast's amazing texture, with each bite bursting with flavor.","After enjoying the French toast, I couldn't stop thinking about its delicious taste."
FT004,5,4,2,"The French toast had a delightful texture that was both light and fluffy, with a crispy exterior.",The French toast had a delightful flavor that left me craving another serving.
FT004,3,3,3,French toast with a perfect texture that's crispy on the outside and fluffy on the inside.,I was impressed by the depth of flavor in the French toast; it was truly exceptional.
FT004,1,4,1,"The texture of the French toast was out of this world, with a crunchy crust and a soft, custardy center.","After eating the French toast, I couldn't help but smile; it was that good."
FT004,5,5,3,"I loved how the French toast had a light and airy texture, with a golden brown crust.",The French toast had a fantastic taste that left me craving another serving.
FT004,5,2,1,"The French toast had a perfect texture, with a crispy exterior and a soft, pillowy interior.",I thoroughly enjoyed the French toast; it was a culinary delight from start to finish.
FT004,2,5,2,French toast with a delightful texture that's crispy on the outside and tender on the inside.,"After savoring the French toast, I was left with a feeling of pure satisfaction."
FT004,5,3,1,"The texture of the French toast was simply amazing, with a crispy exterior and a soft, fluffy center.",The French toast was incredibly delicious; it was like a party in my mouth.
FT004,3,2,4,"I couldn't get enough of the French toast's incredible texture, with each bite bursting with flavor.",I was blown away by the amazing taste of the French toast; it was beyond delicious.
FT004,1,5,1,"The French toast had a wonderful texture that was both light and fluffy, with a crispy crust.","After indulging in the French toast, I felt like I had experienced a moment of culinary bliss."
FT004,2,1,3,French toast with a heavenly texture that's crispy on the outside and soft on the inside.,The French toast had a delectable flavor that left me craving seconds.
FT004,2,1,4,"The texture of the French toast was simply divine, with a golden brown crust and a tender, buttery center.",I couldn't get over how delicious the French toast tasted; it was a true gastronomic delight.
FT004,4,1,1,"I loved how the French toast had a light and airy texture, with just the right amount of crunch.","After eating the French toast, I was left speechless by its incredible flavor."
FT004,5,4,3,"The French toast had a perfect texture, with a crispy exterior and a soft, custard-like interior.",The French toast had a mouthwatering taste that left me longing for more.
FT004,4,1,5,French toast with a fantastic texture that's crispy on the outside and fluffy on the inside.,"After indulging in the French toast, I felt like I had experienced a moment of culinary bliss."
FT001,4,4,5,The look of the bun is fantastic. It has thick skin and looks crispy.,I feel that the taste is fantastic. It is a little sweet. And tasty.
FT001,4,4,5,Great look!,Super impressive taste!
FT001,4,4,4,Looks good.,Taste as good as it looks.